{"id":"2_3_h5","gamma":500,"provider":"Amazon","lstClass":[{"id":2,"job_penalty":32.0,"think":10000.0,"d":812421.4291874608,"hup":5,"hlow":4},{"id":3,"job_penalty":17.0,"think":10000.0,"d":1376639.126333814,"hup":5,"hlow":4}],"mapTypeVMs":{"2":[{"id":"5xlarge","eta":0.15022137178976294,"r":21}],"3":[{"id":"5xlarge","eta":0.3774567042829452,"r":29}]},"mapProfiles":{"TypeVMJobClassKey(job=2, typeVM=5xlarge)":{"nm":4,"nr":4,"ravg":4996.0,"rmax":12883.0,"cm":40,"cr":40,"mavg":63815.0,"mmax":80176.0,"sh1max":0.0,"shtypmax":29477.0,"shtypavg":11431.0},"TypeVMJobClassKey(job=3, typeVM=5xlarge)":{"nm":381,"nr":400,"ravg":1502.0,"rmax":18482.0,"cm":40,"cr":40,"mavg":10567.0,"mmax":22469.0,"sh1max":0.0,"shtypmax":42289.0,"shtypavg":3437.0}},"job_penalty":[32.0,17.0],"id_job":[2,3]}