{"id":"2_3_h40","gamma":4000,"provider":"Amazon","lstClass":[{"id":2,"job_penalty":27.0,"think":10000.0,"hup":40,"d":1931240.250792969,"hlow":28},{"id":3,"job_penalty":29.0,"think":10000.0,"hup":40,"d":1853450.9323411393,"hlow":28}],"mapTypeVMs":{"2":[{"id":"5xlarge","eta":0.3318403903574535,"r":34}],"3":[{"id":"5xlarge","eta":0.1652505017776974,"r":33}]},"mapProfiles":{"TypeVMJobClassKey(job=2, typeVM=5xlarge)":{"nm":4,"nr":4,"ravg":4996.0,"rmax":12883.0,"cm":40,"cr":40,"mavg":63815.0,"mmax":80176.0,"sh1max":0.0,"shtypmax":29477.0,"shtypavg":11431.0},"TypeVMJobClassKey(job=3, typeVM=5xlarge)":{"nm":381,"nr":400,"ravg":1502.0,"rmax":18482.0,"cm":40,"cr":40,"mavg":10567.0,"mmax":22469.0,"sh1max":0.0,"shtypmax":42289.0,"shtypavg":3437.0}},"job_penalty":[27.0,29.0],"id_job":[2,3]}