{"id":"2_3_h15","gamma":1500,"provider":"Amazon","lstClass":[{"id":2,"job_penalty":18.0,"think":10000.0,"d":813833.6810046714,"hup":15,"hlow":11},{"id":3,"job_penalty":23.0,"think":10000.0,"d":1540921.005903504,"hup":15,"hlow":11}],"mapTypeVMs":{"2":[{"id":"5xlarge","eta":0.21136670727567383,"r":10}],"3":[{"id":"5xlarge","eta":0.16610051860123637,"r":23}]},"mapProfiles":{"TypeVMJobClassKey(job=2, typeVM=5xlarge)":{"cm":40,"cr":40,"mavg":63815.0,"mmax":80176.0,"nm":4,"nr":4,"ravg":4996.0,"rmax":12883.0,"sh1max":0.0,"shtypmax":29477.0,"shtypavg":11431.0},"TypeVMJobClassKey(job=3, typeVM=5xlarge)":{"cm":40,"cr":40,"mavg":10567.0,"mmax":22469.0,"nm":381,"nr":400,"ravg":1502.0,"rmax":18482.0,"sh1max":0.0,"shtypmax":42289.0,"shtypavg":3437.0}},"id_job":[2,3],"job_penalty":[18.0,23.0]}