{"id":"2_3_h35","gamma":3500,"provider":"Amazon","lstClass":[{"id":2,"job_penalty":34.0,"think":10000.0,"d":1925696.5100469333,"hup":35,"hlow":25},{"id":3,"job_penalty":31.0,"think":10000.0,"d":1099948.658442369,"hup":35,"hlow":25}],"mapTypeVMs":{"2":[{"id":"5xlarge","eta":0.25906367951033216,"r":24}],"3":[{"id":"5xlarge","eta":0.24367021084535095,"r":10}]},"mapProfiles":{"TypeVMJobClassKey(job=2, typeVM=5xlarge)":{"nm":4,"nr":4,"ravg":4996.0,"rmax":12883.0,"cm":40,"cr":40,"mavg":63815.0,"mmax":80176.0,"sh1max":0.0,"shtypmax":29477.0,"shtypavg":11431.0},"TypeVMJobClassKey(job=3, typeVM=5xlarge)":{"nm":381,"nr":400,"ravg":1502.0,"rmax":18482.0,"cm":40,"cr":40,"mavg":10567.0,"mmax":22469.0,"sh1max":0.0,"shtypmax":42289.0,"shtypavg":3437.0}},"job_penalty":[34.0,31.0],"id_job":[2,3]}