{"id":"2_3_h25","gamma":2500,"provider":"Amazon","lstClass":[{"id":2,"job_penalty":29.0,"think":10000.0,"d":1498735.8097796512,"hup":25,"hlow":18},{"id":3,"job_penalty":27.0,"think":10000.0,"d":1678639.9185040893,"hup":25,"hlow":18}],"mapTypeVMs":{"2":[{"id":"5xlarge","eta":0.112755516425465,"r":24}],"3":[{"id":"5xlarge","eta":0.19666204629537204,"r":28}]},"mapProfiles":{"TypeVMJobClassKey(job=2, typeVM=5xlarge)":{"cm":40,"cr":40,"mavg":63815.0,"mmax":80176.0,"nm":4,"nr":4,"ravg":4996.0,"rmax":12883.0,"sh1max":0.0,"shtypmax":29477.0,"shtypavg":11431.0},"TypeVMJobClassKey(job=3, typeVM=5xlarge)":{"cm":40,"cr":40,"mavg":10567.0,"mmax":22469.0,"nm":381,"nr":400,"ravg":1502.0,"rmax":18482.0,"sh1max":0.0,"shtypmax":42289.0,"shtypavg":3437.0}},"job_penalty":[29.0,27.0],"id_job":[2,3]}