{"id":"2_3_h10","gamma":1000,"provider":"Amazon","lstClass":[{"id":2,"job_penalty":30.0,"think":10000.0,"d":1833233.5202371299,"hup":10,"hlow":7},{"id":3,"job_penalty":17.0,"think":10000.0,"d":1074102.0508273463,"hup":10,"hlow":7}],"mapTypeVMs":{"2":[{"id":"5xlarge","eta":0.22480714384004608,"r":37}],"3":[{"id":"5xlarge","eta":0.13786227486568775,"r":18}]},"mapProfiles":{"TypeVMJobClassKey(job=2, typeVM=5xlarge)":{"nm":4,"nr":4,"ravg":4996.0,"rmax":12883.0,"cm":40,"cr":40,"mavg":63815.0,"mmax":80176.0,"sh1max":0.0,"shtypmax":29477.0,"shtypavg":11431.0},"TypeVMJobClassKey(job=3, typeVM=5xlarge)":{"nm":381,"nr":400,"ravg":1502.0,"rmax":18482.0,"cm":40,"cr":40,"mavg":10567.0,"mmax":22469.0,"sh1max":0.0,"shtypmax":42289.0,"shtypavg":3437.0}},"job_penalty":[30.0,17.0],"id_job":[2,3]}