{"id":"2_3_h50","gamma":5000,"provider":"Amazon","lstClass":[{"id":2,"job_penalty":35.0,"think":10000.0,"d":1923589.3542164497,"hup":50,"hlow":35},{"id":3,"job_penalty":18.0,"think":10000.0,"d":1809551.201893649,"hup":50,"hlow":35}],"mapTypeVMs":{"2":[{"id":"5xlarge","eta":0.14272450462715164,"r":32}],"3":[{"id":"5xlarge","eta":0.18032165881831963,"r":13}]},"mapProfiles":{"TypeVMJobClassKey(job=2, typeVM=5xlarge)":{"ravg":4996.0,"rmax":12883.0,"sh1max":0.0,"cm":40,"cr":40,"shtypmax":29477.0,"shtypavg":11431.0,"mavg":63815.0,"mmax":80176.0,"nm":4,"nr":4},"TypeVMJobClassKey(job=3, typeVM=5xlarge)":{"ravg":1502.0,"rmax":18482.0,"sh1max":0.0,"cm":40,"cr":40,"shtypmax":42289.0,"shtypavg":3437.0,"mavg":10567.0,"mmax":22469.0,"nm":381,"nr":400}},"job_penalty":[35.0,18.0],"id_job":[2,3]}