{"id":"2_3_h20","gamma":2000,"provider":"Amazon","lstClass":[{"id":2,"job_penalty":23.0,"think":10000.0,"d":2061295.3937611028,"hup":20,"hlow":14},{"id":3,"job_penalty":28.0,"think":10000.0,"d":1489486.4600229487,"hup":20,"hlow":14}],"mapTypeVMs":{"2":[{"id":"5xlarge","eta":0.3032024797258306,"r":35}],"3":[{"id":"5xlarge","eta":0.2609840785459806,"r":35}]},"mapProfiles":{"TypeVMJobClassKey(job=2, typeVM=5xlarge)":{"nm":4,"nr":4,"ravg":4996.0,"rmax":12883.0,"cm":40,"cr":40,"mavg":63815.0,"mmax":80176.0,"sh1max":0.0,"shtypmax":29477.0,"shtypavg":11431.0},"TypeVMJobClassKey(job=3, typeVM=5xlarge)":{"nm":381,"nr":400,"ravg":1502.0,"rmax":18482.0,"cm":40,"cr":40,"mavg":10567.0,"mmax":22469.0,"sh1max":0.0,"shtypmax":42289.0,"shtypavg":3437.0}},"job_penalty":[23.0,28.0],"id_job":[2,3]}